,precision,recall,f1-score,support
0,0.9387755102040817,0.92,0.9292929292929293,50.0
1,0.9215686274509803,0.94,0.9306930693069307,50.0
accuracy,0.93,0.93,0.93,0.93
macro avg,0.930172068827531,0.9299999999999999,0.9299929992999301,100.0
weighted avg,0.930172068827531,0.93,0.92999299929993,100.0
