,precision,recall,f1-score,support
0,0.7692307692307693,1.0,0.8695652173913044,10.0
1,1.0,0.9666666666666667,0.983050847457627,90.0
accuracy,0.97,0.97,0.97,0.97
macro avg,0.8846153846153846,0.9833333333333334,0.9263080324244657,100.0
weighted avg,0.9769230769230769,0.97,0.9717022844509948,100.0
