,precision,recall,f1-score,support
0,0.9767441860465116,0.84,0.9032258064516129,50.0
1,0.8571428571428571,0.9795918367346939,0.9142857142857143,49.0
accuracy,0.9090909090909091,0.9090909090909091,0.9090909090909091,0.9090909090909091
macro avg,0.9169435215946844,0.909795918367347,0.9087557603686636,99.0
weighted avg,0.9175475687103594,0.9090909090909091,0.9086999022482892,99.0
